{
  "tempo": 120,
  "binNote": 128,
  "filterNote": 0,
  "barLimit": 100,
  "notes": [
    0,
    0.461,
    0.995,
    1.495,
    2.0089000000357626,
    2.524,
    3.047,
    3.542,
    4.074,
    4.57,
    5.085,
    5.618,
    6.1349000000357625,
    6.635,
    7.13,
    7.64,
    8.178,
    8.686,
    9.194,
    9.706,
    10.198900000035763,
    10.683900000035763,
    11.186900000035763,
    11.69,
    12.166,
    12.646,
    13.155900000035762,
    13.669,
    14.194,
    14.7,
    15.209900000035763,
    15.743900000035763,
    16.257,
    16.790900000035762,
    17.311,
    17.823900000035763,
    18.35,
    18.866900000035763,
    19.401900000035763,
    19.901,
    20.416900000035763,
    20.92090000003576,
    21.441,
    21.928,
    22.464,
    22.965,
    23.49690000003576,
    24.01,
    24.519,
    25.023900000035763,
    25.58990000003576,
    26.111,
    26.634900000035763,
    27.154,
    27.671,
    28.181,
    28.675,
    29.174,
    29.674,
    30.141,
    30.64790000003576,
    31.142,
    31.628900000035763,
    32.141,
    32.68,
    33.17590000003576,
    33.688,
    34.198
  ],
  "_demoId": "tempo-drift",
  "_date": "2024-06-11T18:59:54.533Z"
}
